ID,Type,SKU,"GTIN, UPC, EAN, or ISBN",Name,Published,Is featured?,Visibility in catalog,Short description,Description,Date sale price starts,Date sale price ends,Tax status,Tax class,In stock?,Stock,Low stock amount,Backorders allowed?,Sold individually?,Weight (lbs),Length (in),Width (in),Height (in),Allow customer reviews?,Purchase note,Sale price,Regular price,Categories,Tags,Shipping class,Images,Download limit,Download expiry days,Parent,Grouped products,Upsells,Cross-sells,External URL,Button text,Position,Swatches Attributes,Brands,Meta: _wp_page_template,Meta: anarkali_loop_product_slider_speed,Meta: anarkali_showcase_type,Meta: anarkali_showcase_bg_type,Meta: anarkali_showcase_custom_bgcolor,Meta: anarkali_showcase_custom_textcolor,Meta: anarkali_badge_color,Meta: anarkali_product_extra_fatures,Meta: anarkali_custom_badge,Meta: anarkali_product_size_guide,Meta: anarkali_countdown_date,Meta: anarkali_countdown_text,Meta: anarkali_product_video_type,Meta: anarkali_product_video_source_type,Meta: anarkali_product_popup_video,Meta: anarkali_product_iframe_video,Meta: anarkali_product_video_preview,Meta: anarkali_product_video_on_shop,Meta: anarkali_tabs_title,Meta: anarkali_tabs_content,Meta: anarkali_product_header_type,Meta: anarkali_product_header_bgcolor,Meta: anarkali_product_header_menuitem_color,Meta: anarkali_product_header_menuitem_hvrcolor,Meta: anarkali_product_header_svgicon_color,Meta: anarkali_product_header_counter_bgcolor,Meta: anarkali_product_header_counter_color,Meta: anarkali_product_sticky_header_bgcolor,Meta: anarkali_product_sticky_header_menuitem_color,Meta: anarkali_product_sticky_header_menuitem_hvrcolor,Meta: anarkali_product_sticky_header_svgicon_color,Meta: anarkali_product_sticky_header_counter_bgcolor,Meta: anarkali_product_sticky_header_counter_color,Meta: _product_360_image_gallery
,simple,KAMAL BOOTI,,Jaipuri Stylish Floral Printed Double Bed Bedsheet With Two Pillow Cover (Orange And White),1,0,visible,"Experience the charm of Rajasthan with this Rajasthani Jaipuri Cotton Double Bedsheet featuring vibrant prints and two matching pillow covers — a perfect blend of comfort, tradition, and elegance.","Bring home the timeless beauty of Rajasthan with this elegant Rajasthani Jaipuri Bedsheet. Crafted from premium quality cotton, this bedsheet features traditional Jaipuri prints that reflect the rich art and culture of Rajasthan. The soft and breathable fabric ensures maximum comfort and durability, making it perfect for everyday use as well as festive occasions.

The set includes one double bedsheet and two matching pillow covers, adding a coordinated and stylish touch to your bedroom décor. Its vibrant colors and intricate hand block prints make your room look more lively and artistic.                                                                                                                                                                                            Key Features:
1. Fabric: 100% Pure Cotton
2. Design: Traditional Jaipuri Rajasthani Print
3. Set Includes: 1 Double Bedsheet + 2 Pillow Covers
4. Soft, breathable, and skin-friendly fabric
5. Long-lasting colors and easy to wash
6. Ideal for all seasons",,,taxable,,1,1000,,0,0,,,,,1,,799,1598,Bedsheet Set,,,"https://imagizer.imageshack.com/img923/7065/iRPvQ9.jpg, https://imagizer.imageshack.com/img922/674/WTQi3g.jpg, https://imagizer.imageshack.com/img921/4605/Omf3Da.jpg",,,,,,,,,0,,,,,,,,,,,,,,,,,,,,,,,,,,,,,,,,,,,,
,simple,KAMAL BOOTI 1,,Jaipuri Stylish Floral Printed Double Bed Bedsheet With Two Pillow Cover (Blue And White),1,0,visible,"Experience the charm of Rajasthan with this Rajasthani Jaipuri Cotton Double Bedsheet featuring vibrant prints and two matching pillow covers — a perfect blend of comfort, tradition, and elegance.","Bring home the timeless beauty of Rajasthan with this elegant Rajasthani Jaipuri Bedsheet. Crafted from premium quality cotton, this bedsheet features traditional Jaipuri prints that reflect the rich art and culture of Rajasthan. The soft and breathable fabric ensures maximum comfort and durability, making it perfect for everyday use as well as festive occasions.

The set includes one double bedsheet and two matching pillow covers, adding a coordinated and stylish touch to your bedroom décor. Its vibrant colors and intricate hand block prints make your room look more lively and artistic.                                                                                                                                                                                            Key Features:
1. Fabric: 100% Pure Cotton
2. Design: Traditional Jaipuri Rajasthani Print
3. Set Includes: 1 Double Bedsheet + 2 Pillow Covers
4. Soft, breathable, and skin-friendly fabric
5. Long-lasting colors and easy to wash
6. Ideal for all seasons",,,taxable,,1,1000,,0,0,,,,,1,,799,1598,Bedsheet Set,,,"https://imagizer.imageshack.com/img922/5163/cafe00.jpg, https://imagizer.imageshack.com/img923/1228/7Radek.jpg, https://imagizer.imageshack.com/img921/4343/Dwc5BR.jpg",,,,,,,,,0,,,,,,,,,,,,,,,,,,,,,,,,,,,,,,,,,,,,
,simple,KAMAL BOOTI 2,,Jaipuri Stylish Floral Printed Double Bed Bedsheet With Two Pillow Cover (Green And White),1,0,visible,"Experience the charm of Rajasthan with this Rajasthani Jaipuri Cotton Double Bedsheet featuring vibrant prints and two matching pillow covers — a perfect blend of comfort, tradition, and elegance.","Bring home the timeless beauty of Rajasthan with this elegant Rajasthani Jaipuri Bedsheet. Crafted from premium quality cotton, this bedsheet features traditional Jaipuri prints that reflect the rich art and culture of Rajasthan. The soft and breathable fabric ensures maximum comfort and durability, making it perfect for everyday use as well as festive occasions.

The set includes one double bedsheet and two matching pillow covers, adding a coordinated and stylish touch to your bedroom décor. Its vibrant colors and intricate hand block prints make your room look more lively and artistic.                                                                                                                                                                                            Key Features:
1. Fabric: 100% Pure Cotton
2. Design: Traditional Jaipuri Rajasthani Print
3. Set Includes: 1 Double Bedsheet + 2 Pillow Covers
4. Soft, breathable, and skin-friendly fabric
5. Long-lasting colors and easy to wash
6. Ideal for all seasons",,,taxable,,1,1000,,0,0,,,,,1,,799,1598,Bedsheet Set,,,"https://imagizer.imageshack.com/img923/81/UlbFmD.jpg, https://imagizer.imageshack.com/img921/5084/maaTkO.jpg, https://imagizer.imageshack.com/img923/788/VycSG7.jpg",,,,,,,,,0,,,,,,,,,,,,,,,,,,,,,,,,,,,,,,,,,,,,
,simple,KAMAL BOOTI 3,,Jaipuri Stylish Floral Printed Double Bed Bedsheet With Two Pillow Cover (Sea Green),1,0,visible,"Experience the charm of Rajasthan with this Rajasthani Jaipuri Cotton Double Bedsheet featuring vibrant prints and two matching pillow covers — a perfect blend of comfort, tradition, and elegance.","Bring home the timeless beauty of Rajasthan with this elegant Rajasthani Jaipuri Bedsheet. Crafted from premium quality cotton, this bedsheet features traditional Jaipuri prints that reflect the rich art and culture of Rajasthan. The soft and breathable fabric ensures maximum comfort and durability, making it perfect for everyday use as well as festive occasions.

The set includes one double bedsheet and two matching pillow covers, adding a coordinated and stylish touch to your bedroom décor. Its vibrant colors and intricate hand block prints make your room look more lively and artistic.                                                                                                                                                                                            Key Features:
1. Fabric: 100% Pure Cotton
2. Design: Traditional Jaipuri Rajasthani Print
3. Set Includes: 1 Double Bedsheet + 2 Pillow Covers
4. Soft, breathable, and skin-friendly fabric
5. Long-lasting colors and easy to wash
6. Ideal for all seasons",,,taxable,,1,1000,,0,0,,,,,1,,799,1598,Bedsheet Set,,,"https://imagizer.imageshack.com/img924/6908/sJ5n2q.jpg, https://imagizer.imageshack.com/img921/4586/cbCDKv.jpg, https://imagizer.imageshack.com/img923/5651/lzAsLk.jpg",,,,,,,,,0,,,,,,,,,,,,,,,,,,,,,,,,,,,,,,,,,,,,
,simple,KAMAL BOOTI 4,,Jaipuri Stylish Floral Printed Double Bed Bedsheet With Two Pillow Cover (Yellow And White),1,0,visible,"Experience the charm of Rajasthan with this Rajasthani Jaipuri Cotton Double Bedsheet featuring vibrant prints and two matching pillow covers — a perfect blend of comfort, tradition, and elegance.","Bring home the timeless beauty of Rajasthan with this elegant Rajasthani Jaipuri Bedsheet. Crafted from premium quality cotton, this bedsheet features traditional Jaipuri prints that reflect the rich art and culture of Rajasthan. The soft and breathable fabric ensures maximum comfort and durability, making it perfect for everyday use as well as festive occasions.

The set includes one double bedsheet and two matching pillow covers, adding a coordinated and stylish touch to your bedroom décor. Its vibrant colors and intricate hand block prints make your room look more lively and artistic.                                                                                                                                                                                            Key Features:
1. Fabric: 100% Pure Cotton
2. Design: Traditional Jaipuri Rajasthani Print
3. Set Includes: 1 Double Bedsheet + 2 Pillow Covers
4. Soft, breathable, and skin-friendly fabric
5. Long-lasting colors and easy to wash
6. Ideal for all seasons",,,taxable,,1,1000,,0,0,,,,,1,,799,1598,Bedsheet Set,,,"https://imagizer.imageshack.com/img922/3971/orYmvt.jpg, https://imagizer.imageshack.com/img921/1157/K3XTBb.jpg, https://imagizer.imageshack.com/img922/8413/jnNbl3.jpg",,,,,,,,,0,,,,,,,,,,,,,,,,,,,,,,,,,,,,,,,,,,,,
,simple,KAMAL BOOTI 5,,Jaipuri Stylish Floral Printed Double Bed Bedsheet With Two Pillow Cover (Blue),1,0,visible,"Experience the charm of Rajasthan with this Rajasthani Jaipuri Cotton Double Bedsheet featuring vibrant prints and two matching pillow covers — a perfect blend of comfort, tradition, and elegance.","Bring home the timeless beauty of Rajasthan with this elegant Rajasthani Jaipuri Bedsheet. Crafted from premium quality cotton, this bedsheet features traditional Jaipuri prints that reflect the rich art and culture of Rajasthan. The soft and breathable fabric ensures maximum comfort and durability, making it perfect for everyday use as well as festive occasions.

The set includes one double bedsheet and two matching pillow covers, adding a coordinated and stylish touch to your bedroom décor. Its vibrant colors and intricate hand block prints make your room look more lively and artistic.                                                                                                                                                                                            Key Features:
1. Fabric: 100% Pure Cotton
2. Design: Traditional Jaipuri Rajasthani Print
3. Set Includes: 1 Double Bedsheet + 2 Pillow Covers
4. Soft, breathable, and skin-friendly fabric
5. Long-lasting colors and easy to wash
6. Ideal for all seasons",,,taxable,,1,1000,,0,0,,,,,1,,799,1598,Bedsheet Set,,,"https://imagizer.imageshack.com/img921/1332/3Pqak1.jpg, https://imagizer.imageshack.com/img924/9435/ACl8ZM.jpg, https://imagizer.imageshack.com/img924/749/w6Qyru.jpg, https://imagizer.imageshack.com/img922/974/udlQjV.jpg",,,,,,,,,0,,,,,,,,,,,,,,,,,,,,,,,,,,,,,,,,,,,,
,simple,KAMAL BOOTI 6,,Jaipuri Stylish Floral Printed Double Bed Bedsheet With Two Pillow Cover (Sea Green And White),1,0,visible,"Experience the charm of Rajasthan with this Rajasthani Jaipuri Cotton Double Bedsheet featuring vibrant prints and two matching pillow covers — a perfect blend of comfort, tradition, and elegance.","Bring home the timeless beauty of Rajasthan with this elegant Rajasthani Jaipuri Bedsheet. Crafted from premium quality cotton, this bedsheet features traditional Jaipuri prints that reflect the rich art and culture of Rajasthan. The soft and breathable fabric ensures maximum comfort and durability, making it perfect for everyday use as well as festive occasions.

The set includes one double bedsheet and two matching pillow covers, adding a coordinated and stylish touch to your bedroom décor. Its vibrant colors and intricate hand block prints make your room look more lively and artistic.                                                                                                                                                                                            Key Features:
1. Fabric: 100% Pure Cotton
2. Design: Traditional Jaipuri Rajasthani Print
3. Set Includes: 1 Double Bedsheet + 2 Pillow Covers
4. Soft, breathable, and skin-friendly fabric
5. Long-lasting colors and easy to wash
6. Ideal for all seasons",,,taxable,,1,1000,,0,0,,,,,1,,799,1598,Bedsheet Set,,,"https://imagizer.imageshack.com/img924/9140/5MTmKX.jpg, https://imagizer.imageshack.com/img924/7341/n3JaMu.jpg, https://imagizer.imageshack.com/img923/2813/2J6SWW.jpg, https://imagizer.imageshack.com/img924/1517/f6IWJ9.jpg",,,,,,,,,0,,,,,,,,,,,,,,,,,,,,,,,,,,,,,,,,,,,,
,simple,KASHMIR KALI,,Jaipuri Stylish Floral Printed Double Bed Bedsheet With Two Pillow Cover (Yellow),1,0,visible,"Experience the charm of Rajasthan with this Rajasthani Jaipuri Cotton Double Bedsheet featuring vibrant prints and two matching pillow covers — a perfect blend of comfort, tradition, and elegance.","Bring home the timeless beauty of Rajasthan with this elegant Rajasthani Jaipuri Bedsheet. Crafted from premium quality cotton, this bedsheet features traditional Jaipuri prints that reflect the rich art and culture of Rajasthan. The soft and breathable fabric ensures maximum comfort and durability, making it perfect for everyday use as well as festive occasions.

The set includes one double bedsheet and two matching pillow covers, adding a coordinated and stylish touch to your bedroom décor. Its vibrant colors and intricate hand block prints make your room look more lively and artistic.                                                                                                                                                                                            Key Features:
1. Fabric: 100% Pure Cotton
2. Design: Traditional Jaipuri Rajasthani Print
3. Set Includes: 1 Double Bedsheet + 2 Pillow Covers
4. Soft, breathable, and skin-friendly fabric
5. Long-lasting colors and easy to wash
6. Ideal for all seasons",,,taxable,,1,1000,,0,0,,,,,1,,799,1598,Bedsheet Set,,,"https://imagizer.imageshack.com/img921/2162/FqxXZo.jpg, https://imagizer.imageshack.com/img923/7646/f3HbNF.jpg, https://imagizer.imageshack.com/img924/4668/89Umws.jpg, https://imagizer.imageshack.com/img924/8929/OeelHo.jpg",,,,,,,,,0,,,,,,,,,,,,,,,,,,,,,,,,,,,,,,,,,,,,
,simple,KASHMIR KALI 1,,Jaipuri Stylish Floral Printed Double Bed Bedsheet With Two Pillow Cover (Green),1,0,visible,"Experience the charm of Rajasthan with this Rajasthani Jaipuri Cotton Double Bedsheet featuring vibrant prints and two matching pillow covers — a perfect blend of comfort, tradition, and elegance.","Bring home the timeless beauty of Rajasthan with this elegant Rajasthani Jaipuri Bedsheet. Crafted from premium quality cotton, this bedsheet features traditional Jaipuri prints that reflect the rich art and culture of Rajasthan. The soft and breathable fabric ensures maximum comfort and durability, making it perfect for everyday use as well as festive occasions.

The set includes one double bedsheet and two matching pillow covers, adding a coordinated and stylish touch to your bedroom décor. Its vibrant colors and intricate hand block prints make your room look more lively and artistic.                                                                                                                                                                                            Key Features:
1. Fabric: 100% Pure Cotton
2. Design: Traditional Jaipuri Rajasthani Print
3. Set Includes: 1 Double Bedsheet + 2 Pillow Covers
4. Soft, breathable, and skin-friendly fabric
5. Long-lasting colors and easy to wash
6. Ideal for all seasons",,,taxable,,1,1000,,0,0,,,,,1,,799,1598,Bedsheet Set,,,"https://imagizer.imageshack.com/img923/39/pFY5oh.jpg, https://imagizer.imageshack.com/img923/7448/MBgMwX.jpg, https://imagizer.imageshack.com/img921/5554/gLAEea.jpg, https://imagizer.imageshack.com/img924/7567/iQOBiI.jpg",,,,,,,,,0,,,,,,,,,,,,,,,,,,,,,,,,,,,,,,,,,,,,
,simple,KASHMIR KALI 2,,Jaipuri Stylish Floral Printed Double Bed Bedsheet With Two Pillow Cover (Blue),1,0,visible,"Experience the charm of Rajasthan with this Rajasthani Jaipuri Cotton Double Bedsheet featuring vibrant prints and two matching pillow covers — a perfect blend of comfort, tradition, and elegance.","Bring home the timeless beauty of Rajasthan with this elegant Rajasthani Jaipuri Bedsheet. Crafted from premium quality cotton, this bedsheet features traditional Jaipuri prints that reflect the rich art and culture of Rajasthan. The soft and breathable fabric ensures maximum comfort and durability, making it perfect for everyday use as well as festive occasions.

The set includes one double bedsheet and two matching pillow covers, adding a coordinated and stylish touch to your bedroom décor. Its vibrant colors and intricate hand block prints make your room look more lively and artistic.                                                                                                                                                                                            Key Features:
1. Fabric: 100% Pure Cotton
2. Design: Traditional Jaipuri Rajasthani Print
3. Set Includes: 1 Double Bedsheet + 2 Pillow Covers
4. Soft, breathable, and skin-friendly fabric
5. Long-lasting colors and easy to wash
6. Ideal for all seasons",,,taxable,,1,1000,,0,0,,,,,1,,799,1598,Bedsheet Set,,,"https://imagizer.imageshack.com/img924/6717/eWuNa0.jpg, https://imagizer.imageshack.com/img921/5021/1dnswX.jpg, https://imagizer.imageshack.com/img921/6339/7hxnvP.jpg",,,,,,,,,0,,,,,,,,,,,,,,,,,,,,,,,,,,,,,,,,,,,,
,simple,KATHA -1,,Jaipuri Stylish Rangoli Printed Double Bed Bedsheet With Two Pillow Cover (Red),1,0,visible,"Experience the charm of Rajasthan with this Rajasthani Jaipuri Cotton Double Bedsheet featuring vibrant prints and two matching pillow covers — a perfect blend of comfort, tradition, and elegance.","Bring home the timeless beauty of Rajasthan with this elegant Rajasthani Jaipuri Bedsheet. Crafted from premium quality cotton, this bedsheet features traditional Jaipuri prints that reflect the rich art and culture of Rajasthan. The soft and breathable fabric ensures maximum comfort and durability, making it perfect for everyday use as well as festive occasions.

The set includes one double bedsheet and two matching pillow covers, adding a coordinated and stylish touch to your bedroom décor. Its vibrant colors and intricate hand block prints make your room look more lively and artistic.                                                                                                                                                                                            Key Features:
1. Fabric: 100% Pure Cotton
2. Design: Traditional Jaipuri Rajasthani Print
3. Set Includes: 1 Double Bedsheet + 2 Pillow Covers
4. Soft, breathable, and skin-friendly fabric
5. Long-lasting colors and easy to wash
6. Ideal for all seasons",,,taxable,,1,1000,,0,0,,,,,1,,799,1598,Bedsheet Set,,,"https://imagizer.imageshack.com/img923/738/UIw2DC.jpg, https://imagizer.imageshack.com/img923/996/hh69Xt.jpg, https://imagizer.imageshack.com/img924/3618/k6PyQr.jpg, https://imagizer.imageshack.com/img923/7567/SVauMa.jpg",,,,,,,,,0,,,,,,,,,,,,,,,,,,,,,,,,,,,,,,,,,,,,
,simple,KATHA -1 -1,,Jaipuri Stylish Rangoli Printed Double Bed Bedsheet With Two Pillow Cover (Blue),1,0,visible,"Experience the charm of Rajasthan with this Rajasthani Jaipuri Cotton Double Bedsheet featuring vibrant prints and two matching pillow covers — a perfect blend of comfort, tradition, and elegance.","Bring home the timeless beauty of Rajasthan with this elegant Rajasthani Jaipuri Bedsheet. Crafted from premium quality cotton, this bedsheet features traditional Jaipuri prints that reflect the rich art and culture of Rajasthan. The soft and breathable fabric ensures maximum comfort and durability, making it perfect for everyday use as well as festive occasions.

The set includes one double bedsheet and two matching pillow covers, adding a coordinated and stylish touch to your bedroom décor. Its vibrant colors and intricate hand block prints make your room look more lively and artistic.                                                                                                                                                                                            Key Features:
1. Fabric: 100% Pure Cotton
2. Design: Traditional Jaipuri Rajasthani Print
3. Set Includes: 1 Double Bedsheet + 2 Pillow Covers
4. Soft, breathable, and skin-friendly fabric
5. Long-lasting colors and easy to wash
6. Ideal for all seasons",,,taxable,,1,1000,,0,0,,,,,1,,799,1598,Bedsheet Set,,,"https://imagizer.imageshack.com/img924/6730/pRjv9q.jpg, https://imagizer.imageshack.com/img921/6851/zqJeD5.jpg, https://imagizer.imageshack.com/img921/3201/1W0mAC.jpg, https://imagizer.imageshack.com/img922/5289/jaOQLB.jpg",,,,,,,,,0,,,,,,,,,,,,,,,,,,,,,,,,,,,,,,,,,,,,
,simple,KATHA -1 -2,,Jaipuri Stylish Rangoli Printed Double Bed Bedsheet With Two Pillow Cover (Sea Green),1,0,visible,"Experience the charm of Rajasthan with this Rajasthani Jaipuri Cotton Double Bedsheet featuring vibrant prints and two matching pillow covers — a perfect blend of comfort, tradition, and elegance.","Bring home the timeless beauty of Rajasthan with this elegant Rajasthani Jaipuri Bedsheet. Crafted from premium quality cotton, this bedsheet features traditional Jaipuri prints that reflect the rich art and culture of Rajasthan. The soft and breathable fabric ensures maximum comfort and durability, making it perfect for everyday use as well as festive occasions.

The set includes one double bedsheet and two matching pillow covers, adding a coordinated and stylish touch to your bedroom décor. Its vibrant colors and intricate hand block prints make your room look more lively and artistic.                                                                                                                                                                                            Key Features:
1. Fabric: 100% Pure Cotton
2. Design: Traditional Jaipuri Rajasthani Print
3. Set Includes: 1 Double Bedsheet + 2 Pillow Covers
4. Soft, breathable, and skin-friendly fabric
5. Long-lasting colors and easy to wash
6. Ideal for all seasons",,,taxable,,1,1000,,0,0,,,,,1,,799,1598,Bedsheet Set,,,"https://imagizer.imageshack.com/img921/6439/c7cE5q.jpg, https://imagizer.imageshack.com/img923/9627/4p6kGl.jpg, https://imagizer.imageshack.com/img921/4346/pSJTOK.jpg, https://imagizer.imageshack.com/img921/7449/PusPSr.jpg",,,,,,,,,0,,,,,,,,,,,,,,,,,,,,,,,,,,,,,,,,,,,,
,simple,KATHA -1 -3,,Jaipuri Stylish Rangoli Printed Double Bed Bedsheet With Two Pillow Cover (Red),1,0,visible,"Experience the charm of Rajasthan with this Rajasthani Jaipuri Cotton Double Bedsheet featuring vibrant prints and two matching pillow covers — a perfect blend of comfort, tradition, and elegance.","Bring home the timeless beauty of Rajasthan with this elegant Rajasthani Jaipuri Bedsheet. Crafted from premium quality cotton, this bedsheet features traditional Jaipuri prints that reflect the rich art and culture of Rajasthan. The soft and breathable fabric ensures maximum comfort and durability, making it perfect for everyday use as well as festive occasions.

The set includes one double bedsheet and two matching pillow covers, adding a coordinated and stylish touch to your bedroom décor. Its vibrant colors and intricate hand block prints make your room look more lively and artistic.                                                                                                                                                                                            Key Features:
1. Fabric: 100% Pure Cotton
2. Design: Traditional Jaipuri Rajasthani Print
3. Set Includes: 1 Double Bedsheet + 2 Pillow Covers
4. Soft, breathable, and skin-friendly fabric
5. Long-lasting colors and easy to wash
6. Ideal for all seasons",,,taxable,,1,1000,,0,0,,,,,1,,799,1598,Bedsheet Set,,,"https://imagizer.imageshack.com/img922/2590/DmZJCI.jpg, https://imagizer.imageshack.com/img921/8098/aG54NA.jpg, https://imagizer.imageshack.com/img922/2521/KayUgM.jpg, https://imagizer.imageshack.com/img921/4001/X1UGx4.jpg",,,,,,,,,0,,,,,,,,,,,,,,,,,,,,,,,,,,,,,,,,,,,,
,simple,KATHA -1 -4,,Jaipuri Stylish Rangoli Printed Double Bed Bedsheet With Two Pillow Cover (Maroon),1,0,visible,"Experience the charm of Rajasthan with this Rajasthani Jaipuri Cotton Double Bedsheet featuring vibrant prints and two matching pillow covers — a perfect blend of comfort, tradition, and elegance.","Bring home the timeless beauty of Rajasthan with this elegant Rajasthani Jaipuri Bedsheet. Crafted from premium quality cotton, this bedsheet features traditional Jaipuri prints that reflect the rich art and culture of Rajasthan. The soft and breathable fabric ensures maximum comfort and durability, making it perfect for everyday use as well as festive occasions.

The set includes one double bedsheet and two matching pillow covers, adding a coordinated and stylish touch to your bedroom décor. Its vibrant colors and intricate hand block prints make your room look more lively and artistic.                                                                                                                                                                                            Key Features:
1. Fabric: 100% Pure Cotton
2. Design: Traditional Jaipuri Rajasthani Print
3. Set Includes: 1 Double Bedsheet + 2 Pillow Covers
4. Soft, breathable, and skin-friendly fabric
5. Long-lasting colors and easy to wash
6. Ideal for all seasons",,,taxable,,1,1000,,0,0,,,,,1,,799,1598,Bedsheet Set,,,"https://imagizer.imageshack.com/img921/9985/RfYTyB.jpg, https://imagizer.imageshack.com/img922/710/F8Nm9O.jpg, https://imagizer.imageshack.com/img922/1969/CtiTln.jpg, https://imagizer.imageshack.com/img922/1986/L4DDIt.jpg",,,,,,,,,0,,,,,,,,,,,,,,,,,,,,,,,,,,,,,,,,,,,,
,simple,KERRY BOOTA,,Jaipuri Stylish Block Printed Double Bed Bedsheet With Two Pillow Cover (Yellow),1,0,visible,"Experience the charm of Rajasthan with this Rajasthani Jaipuri Cotton Double Bedsheet featuring vibrant prints and two matching pillow covers — a perfect blend of comfort, tradition, and elegance.","Bring home the timeless beauty of Rajasthan with this elegant Rajasthani Jaipuri Bedsheet. Crafted from premium quality cotton, this bedsheet features traditional Jaipuri prints that reflect the rich art and culture of Rajasthan. The soft and breathable fabric ensures maximum comfort and durability, making it perfect for everyday use as well as festive occasions.

The set includes one double bedsheet and two matching pillow covers, adding a coordinated and stylish touch to your bedroom décor. Its vibrant colors and intricate hand block prints make your room look more lively and artistic.                                                                                                                                                                                            Key Features:
1. Fabric: 100% Pure Cotton
2. Design: Traditional Jaipuri Rajasthani Print
3. Set Includes: 1 Double Bedsheet + 2 Pillow Covers
4. Soft, breathable, and skin-friendly fabric
5. Long-lasting colors and easy to wash
6. Ideal for all seasons",,,taxable,,1,1000,,0,0,,,,,1,,799,1598,Bedsheet Set,,,"https://imagizer.imageshack.com/img922/3893/VD2WRK.jpg, https://imagizer.imageshack.com/img924/309/nBp9Le.jpg, https://imagizer.imageshack.com/img923/2171/PPqd9v.jpg",,,,,,,,,0,,,,,,,,,,,,,,,,,,,,,,,,,,,,,,,,,,,,
,simple,KERRY BOOTA 1,,Jaipuri Stylish Block Printed Double Bed Bedsheet With Two Pillow Cover (Turquoise),1,0,visible,"Experience the charm of Rajasthan with this Rajasthani Jaipuri Cotton Double Bedsheet featuring vibrant prints and two matching pillow covers — a perfect blend of comfort, tradition, and elegance.","Bring home the timeless beauty of Rajasthan with this elegant Rajasthani Jaipuri Bedsheet. Crafted from premium quality cotton, this bedsheet features traditional Jaipuri prints that reflect the rich art and culture of Rajasthan. The soft and breathable fabric ensures maximum comfort and durability, making it perfect for everyday use as well as festive occasions.

The set includes one double bedsheet and two matching pillow covers, adding a coordinated and stylish touch to your bedroom décor. Its vibrant colors and intricate hand block prints make your room look more lively and artistic.                                                                                                                                                                                            Key Features:
1. Fabric: 100% Pure Cotton
2. Design: Traditional Jaipuri Rajasthani Print
3. Set Includes: 1 Double Bedsheet + 2 Pillow Covers
4. Soft, breathable, and skin-friendly fabric
5. Long-lasting colors and easy to wash
6. Ideal for all seasons",,,taxable,,1,1000,,0,0,,,,,1,,799,1598,Bedsheet Set,,,"https://imagizer.imageshack.com/img921/1562/8rH4Hq.jpg, https://imagizer.imageshack.com/img922/2931/hC9x28.jpg, https://imagizer.imageshack.com/img923/640/b7SNFr.jpg, https://imagizer.imageshack.com/img921/6473/skvlmr.jpg, https://imagizer.imageshack.com/img923/4807/VlYRaQ.jpg",,,,,,,,,0,,,,,,,,,,,,,,,,,,,,,,,,,,,,,,,,,,,,
,simple,KERRY BOOTA 2,,Jaipuri Stylish Block Printed Double Bed Bedsheet With Two Pillow Cover (Blue),1,0,visible,"Experience the charm of Rajasthan with this Rajasthani Jaipuri Cotton Double Bedsheet featuring vibrant prints and two matching pillow covers — a perfect blend of comfort, tradition, and elegance.","Bring home the timeless beauty of Rajasthan with this elegant Rajasthani Jaipuri Bedsheet. Crafted from premium quality cotton, this bedsheet features traditional Jaipuri prints that reflect the rich art and culture of Rajasthan. The soft and breathable fabric ensures maximum comfort and durability, making it perfect for everyday use as well as festive occasions.

The set includes one double bedsheet and two matching pillow covers, adding a coordinated and stylish touch to your bedroom décor. Its vibrant colors and intricate hand block prints make your room look more lively and artistic.                                                                                                                                                                                            Key Features:
1. Fabric: 100% Pure Cotton
2. Design: Traditional Jaipuri Rajasthani Print
3. Set Includes: 1 Double Bedsheet + 2 Pillow Covers
4. Soft, breathable, and skin-friendly fabric
5. Long-lasting colors and easy to wash
6. Ideal for all seasons",,,taxable,,1,1000,,0,0,,,,,1,,799,1598,Bedsheet Set,,,"https://imagizer.imageshack.com/img921/4228/RYetMk.jpg, https://imagizer.imageshack.com/img923/599/8LQlHE.jpg, https://imagizer.imageshack.com/img922/9721/iWkypm.jpg, https://imagizer.imageshack.com/img921/6937/Ym79pP.jpg",,,,,,,,,0,,,,,,,,,,,,,,,,,,,,,,,,,,,,,,,,,,,,
,simple,KERRY BOOTA 3,,Jaipuri Stylish Block Printed Double Bed Bedsheet With Two Pillow Cover (Red),1,0,visible,"Experience the charm of Rajasthan with this Rajasthani Jaipuri Cotton Double Bedsheet featuring vibrant prints and two matching pillow covers — a perfect blend of comfort, tradition, and elegance.","Bring home the timeless beauty of Rajasthan with this elegant Rajasthani Jaipuri Bedsheet. Crafted from premium quality cotton, this bedsheet features traditional Jaipuri prints that reflect the rich art and culture of Rajasthan. The soft and breathable fabric ensures maximum comfort and durability, making it perfect for everyday use as well as festive occasions.

The set includes one double bedsheet and two matching pillow covers, adding a coordinated and stylish touch to your bedroom décor. Its vibrant colors and intricate hand block prints make your room look more lively and artistic.                                                                                                                                                                                            Key Features:
1. Fabric: 100% Pure Cotton
2. Design: Traditional Jaipuri Rajasthani Print
3. Set Includes: 1 Double Bedsheet + 2 Pillow Covers
4. Soft, breathable, and skin-friendly fabric
5. Long-lasting colors and easy to wash
6. Ideal for all seasons",,,taxable,,1,1000,,0,0,,,,,1,,799,1598,Bedsheet Set,,,"https://imagizer.imageshack.com/img921/8982/xoIcsS.jpg, https://imagizer.imageshack.com/img921/8873/JVPyfz.jpg, https://imagizer.imageshack.com/img921/2180/eBsM4W.jpg, https://imagizer.imageshack.com/img921/3378/meRpQ4.jpg",,,,,,,,,0,,,,,,,,,,,,,,,,,,,,,,,,,,,,,,,,,,,,
,simple,KHAJOOR,,Jaipuri Stylish Block Printed Double Bed Bedsheet With Two Pillow Cover (Red),1,0,visible,"Experience the charm of Rajasthan with this Rajasthani Jaipuri Cotton Double Bedsheet featuring vibrant prints and two matching pillow covers — a perfect blend of comfort, tradition, and elegance.","Bring home the timeless beauty of Rajasthan with this elegant Rajasthani Jaipuri Bedsheet. Crafted from premium quality cotton, this bedsheet features traditional Jaipuri prints that reflect the rich art and culture of Rajasthan. The soft and breathable fabric ensures maximum comfort and durability, making it perfect for everyday use as well as festive occasions.

The set includes one double bedsheet and two matching pillow covers, adding a coordinated and stylish touch to your bedroom décor. Its vibrant colors and intricate hand block prints make your room look more lively and artistic.                                                                                                                                                                                            Key Features:
1. Fabric: 100% Pure Cotton
2. Design: Traditional Jaipuri Rajasthani Print
3. Set Includes: 1 Double Bedsheet + 2 Pillow Covers
4. Soft, breathable, and skin-friendly fabric
5. Long-lasting colors and easy to wash
6. Ideal for all seasons",,,taxable,,1,1000,,0,0,,,,,1,,799,1598,Bedsheet Set,,,"https://imagizer.imageshack.com/img922/1637/sy1OyE.jpg, https://imagizer.imageshack.com/img921/9059/uMi4wS.jpg, https://imagizer.imageshack.com/img924/4928/DDSTUW.jpg, https://imagizer.imageshack.com/img922/1303/XOwaKe.jpg, https://imagizer.imageshack.com/img921/627/8iHgEy.jpg",,,,,,,,,0,,,,,,,,,,,,,,,,,,,,,,,,,,,,,,,,,,,,
,simple,KHAJOOR 1,,Jaipuri Stylish Floral Printed Double Bed Bedsheet With Two Pillow Cover (Green and white),1,0,visible,"Experience the charm of Rajasthan with this Rajasthani Jaipuri Cotton Double Bedsheet featuring vibrant prints and two matching pillow covers — a perfect blend of comfort, tradition, and elegance.","Bring home the timeless beauty of Rajasthan with this elegant Rajasthani Jaipuri Bedsheet. Crafted from premium quality cotton, this bedsheet features traditional Jaipuri prints that reflect the rich art and culture of Rajasthan. The soft and breathable fabric ensures maximum comfort and durability, making it perfect for everyday use as well as festive occasions.

The set includes one double bedsheet and two matching pillow covers, adding a coordinated and stylish touch to your bedroom décor. Its vibrant colors and intricate hand block prints make your room look more lively and artistic.                                                                                                                                                                                            Key Features:
1. Fabric: 100% Pure Cotton
2. Design: Traditional Jaipuri Rajasthani Print
3. Set Includes: 1 Double Bedsheet + 2 Pillow Covers
4. Soft, breathable, and skin-friendly fabric
5. Long-lasting colors and easy to wash
6. Ideal for all seasons",,,taxable,,1,1000,,0,0,,,,,1,,799,1598,Bedsheet Set,,,"https://imagizer.imageshack.com/img921/5416/puYiO4.jpg, https://imagizer.imageshack.com/img923/1665/R3Wqym.jpg, https://imagizer.imageshack.com/img922/9563/GuVUWl.jpg, https://imagizer.imageshack.com/img921/5218/vifs2d.jpg, https://imagizer.imageshack.com/img924/1229/mXkwc7.jpg",,,,,,,,,0,,,,,,,,,,,,,,,,,,,,,,,,,,,,,,,,,,,,
,simple,KHAJOOR 2,,Jaipuri Stylish Floral Printed Double Bed Bedsheet With Two Pillow Cover (Blue),1,0,visible,"Experience the charm of Rajasthan with this Rajasthani Jaipuri Cotton Double Bedsheet featuring vibrant prints and two matching pillow covers — a perfect blend of comfort, tradition, and elegance.","Bring home the timeless beauty of Rajasthan with this elegant Rajasthani Jaipuri Bedsheet. Crafted from premium quality cotton, this bedsheet features traditional Jaipuri prints that reflect the rich art and culture of Rajasthan. The soft and breathable fabric ensures maximum comfort and durability, making it perfect for everyday use as well as festive occasions.

The set includes one double bedsheet and two matching pillow covers, adding a coordinated and stylish touch to your bedroom décor. Its vibrant colors and intricate hand block prints make your room look more lively and artistic.                                                                                                                                                                                            Key Features:
1. Fabric: 100% Pure Cotton
2. Design: Traditional Jaipuri Rajasthani Print
3. Set Includes: 1 Double Bedsheet + 2 Pillow Covers
4. Soft, breathable, and skin-friendly fabric
5. Long-lasting colors and easy to wash
6. Ideal for all seasons",,,taxable,,1,1000,,0,0,,,,,1,,799,1598,Bedsheet Set,,,"https://imagizer.imageshack.com/img924/8223/0m3wlf.jpg, https://imagizer.imageshack.com/img924/2499/Vlve4k.jpg, https://imagizer.imageshack.com/img924/7208/1Xoz8e.jpg, https://imagizer.imageshack.com/img921/6668/Qcos6L.jpg, https://imagizer.imageshack.com/img922/541/6zQr5d.jpg",,,,,,,,,0,,,,,,,,,,,,,,,,,,,,,,,,,,,,,,,,,,,,
,simple,KHILONA HATHI,,Jaipuri Stylish Floral Printed Double Bed Bedsheet With Two Pillow Cover (Blue),1,0,visible,"Experience the charm of Rajasthan with this Rajasthani Jaipuri Cotton Double Bedsheet featuring vibrant prints and two matching pillow covers — a perfect blend of comfort, tradition, and elegance.","Bring home the timeless beauty of Rajasthan with this elegant Rajasthani Jaipuri Bedsheet. Crafted from premium quality cotton, this bedsheet features traditional Jaipuri prints that reflect the rich art and culture of Rajasthan. The soft and breathable fabric ensures maximum comfort and durability, making it perfect for everyday use as well as festive occasions.

The set includes one double bedsheet and two matching pillow covers, adding a coordinated and stylish touch to your bedroom décor. Its vibrant colors and intricate hand block prints make your room look more lively and artistic.                                                                                                                                                                                            Key Features:
1. Fabric: 100% Pure Cotton
2. Design: Traditional Jaipuri Rajasthani Print
3. Set Includes: 1 Double Bedsheet + 2 Pillow Covers
4. Soft, breathable, and skin-friendly fabric
5. Long-lasting colors and easy to wash
6. Ideal for all seasons",,,taxable,,1,1000,,0,0,,,,,1,,799,1598,Bedsheet Set,,,"https://imagizer.imageshack.com/img922/7830/1se4Zy.jpg, https://imagizer.imageshack.com/img921/7182/uhs1ov.jpg, https://imagizer.imageshack.com/img921/8725/U74DPU.jpg",,,,,,,,,0,,,,,,,,,,,,,,,,,,,,,,,,,,,,,,,,,,,,
,simple,KHILONA HATHI 1,,Jaipuri Stylish Floral Printed Double Bed Bedsheet With Two Pillow Cover (Multicolor),1,0,visible,"Experience the charm of Rajasthan with this Rajasthani Jaipuri Cotton Double Bedsheet featuring vibrant prints and two matching pillow covers — a perfect blend of comfort, tradition, and elegance.","Bring home the timeless beauty of Rajasthan with this elegant Rajasthani Jaipuri Bedsheet. Crafted from premium quality cotton, this bedsheet features traditional Jaipuri prints that reflect the rich art and culture of Rajasthan. The soft and breathable fabric ensures maximum comfort and durability, making it perfect for everyday use as well as festive occasions.

The set includes one double bedsheet and two matching pillow covers, adding a coordinated and stylish touch to your bedroom décor. Its vibrant colors and intricate hand block prints make your room look more lively and artistic.                                                                                                                                                                                            Key Features:
1. Fabric: 100% Pure Cotton
2. Design: Traditional Jaipuri Rajasthani Print
3. Set Includes: 1 Double Bedsheet + 2 Pillow Covers
4. Soft, breathable, and skin-friendly fabric
5. Long-lasting colors and easy to wash
6. Ideal for all seasons",,,taxable,,1,1000,,0,0,,,,,1,,799,1598,Bedsheet Set,,,"https://imagizer.imageshack.com/img924/7818/LerjTR.jpg, https://imagizer.imageshack.com/img922/7894/TX1Ije.jpg, https://imagizer.imageshack.com/img921/924/k7UF36.jpg",,,,,,,,,0,,,,,,,,,,,,,,,,,,,,,,,,,,,,,,,,,,,,
,simple,KHILONA HATHI 2,,Jaipuri Stylish Floral Printed Double Bed Bedsheet With Two Pillow Cover (Multicolor),1,0,visible,"Experience the charm of Rajasthan with this Rajasthani Jaipuri Cotton Double Bedsheet featuring vibrant prints and two matching pillow covers — a perfect blend of comfort, tradition, and elegance.","Bring home the timeless beauty of Rajasthan with this elegant Rajasthani Jaipuri Bedsheet. Crafted from premium quality cotton, this bedsheet features traditional Jaipuri prints that reflect the rich art and culture of Rajasthan. The soft and breathable fabric ensures maximum comfort and durability, making it perfect for everyday use as well as festive occasions.

The set includes one double bedsheet and two matching pillow covers, adding a coordinated and stylish touch to your bedroom décor. Its vibrant colors and intricate hand block prints make your room look more lively and artistic.                                                                                                                                                                                            Key Features:
1. Fabric: 100% Pure Cotton
2. Design: Traditional Jaipuri Rajasthani Print
3. Set Includes: 1 Double Bedsheet + 2 Pillow Covers
4. Soft, breathable, and skin-friendly fabric
5. Long-lasting colors and easy to wash
6. Ideal for all seasons",,,taxable,,1,1000,,0,0,,,,,1,,799,1598,Bedsheet Set,,,"https://imagizer.imageshack.com/img921/7321/Abjc67.jpg, https://imagizer.imageshack.com/img923/1308/SCG2XO.jpg, https://imagizer.imageshack.com/img923/160/zmJ98a.jpg",,,,,,,,,0,,,,,,,,,,,,,,,,,,,,,,,,,,,,,,,,,,,,
,simple,KHILONA HATHI 3,,Jaipuri Stylish Floral Printed Double Bed Bedsheet With Two Pillow Cover (Multicolor),1,0,visible,"Experience the charm of Rajasthan with this Rajasthani Jaipuri Cotton Double Bedsheet featuring vibrant prints and two matching pillow covers — a perfect blend of comfort, tradition, and elegance.","Bring home the timeless beauty of Rajasthan with this elegant Rajasthani Jaipuri Bedsheet. Crafted from premium quality cotton, this bedsheet features traditional Jaipuri prints that reflect the rich art and culture of Rajasthan. The soft and breathable fabric ensures maximum comfort and durability, making it perfect for everyday use as well as festive occasions.

The set includes one double bedsheet and two matching pillow covers, adding a coordinated and stylish touch to your bedroom décor. Its vibrant colors and intricate hand block prints make your room look more lively and artistic.                                                                                                                                                                                            Key Features:
1. Fabric: 100% Pure Cotton
2. Design: Traditional Jaipuri Rajasthani Print
3. Set Includes: 1 Double Bedsheet + 2 Pillow Covers
4. Soft, breathable, and skin-friendly fabric
5. Long-lasting colors and easy to wash
6. Ideal for all seasons",,,taxable,,1,1000,,0,0,,,,,1,,799,1598,Bedsheet Set,,,"https://imagizer.imageshack.com/img924/6082/VeWYLr.jpg, https://imagizer.imageshack.com/img923/4615/VzwZjn.jpg, https://imagizer.imageshack.com/img924/8199/yiej3A.jpg",,,,,,,,,0,,,,,,,,,,,,,,,,,,,,,,,,,,,,,,,,,,,,
,simple,LAVARNIYA MOR,,Jaipuri Stylish Peacock Printed Double Bed Bedsheet With Two Pillow Cover (Sky Color),1,0,visible,"Experience the charm of Rajasthan with this Rajasthani Jaipuri Cotton Double Bedsheet featuring vibrant prints and two matching pillow covers — a perfect blend of comfort, tradition, and elegance.","Bring home the timeless beauty of Rajasthan with this elegant Rajasthani Jaipuri Bedsheet. Crafted from premium quality cotton, this bedsheet features traditional Jaipuri prints that reflect the rich art and culture of Rajasthan. The soft and breathable fabric ensures maximum comfort and durability, making it perfect for everyday use as well as festive occasions.

The set includes one double bedsheet and two matching pillow covers, adding a coordinated and stylish touch to your bedroom décor. Its vibrant colors and intricate hand block prints make your room look more lively and artistic.                                                                                                                                                                                            Key Features:
1. Fabric: 100% Pure Cotton
2. Design: Traditional Jaipuri Rajasthani Print
3. Set Includes: 1 Double Bedsheet + 2 Pillow Covers
4. Soft, breathable, and skin-friendly fabric
5. Long-lasting colors and easy to wash
6. Ideal for all seasons",,,taxable,,1,1000,,0,0,,,,,1,,799,1598,Bedsheet Set,,,"https://imagizer.imageshack.com/img924/6949/RXy0z0.jpg, https://imagizer.imageshack.com/img924/9184/0ML6ap.jpg, https://imagizer.imageshack.com/img922/8472/YtnoNc.jpg, https://imagizer.imageshack.com/img921/7291/sjIqyn.jpg, https://imagizer.imageshack.com/img923/4167/6l4U2f.jpg",,,,,,,,,0,,,,,,,,,,,,,,,,,,,,,,,,,,,,,,,,,,,,
,simple,LAVARNIYA MOR 1,,Jaipuri Stylish Peacock Printed Double Bed Bedsheet With Two Pillow Cover (Sea Green),1,0,visible,"Experience the charm of Rajasthan with this Rajasthani Jaipuri Cotton Double Bedsheet featuring vibrant prints and two matching pillow covers — a perfect blend of comfort, tradition, and elegance.","Bring home the timeless beauty of Rajasthan with this elegant Rajasthani Jaipuri Bedsheet. Crafted from premium quality cotton, this bedsheet features traditional Jaipuri prints that reflect the rich art and culture of Rajasthan. The soft and breathable fabric ensures maximum comfort and durability, making it perfect for everyday use as well as festive occasions.

The set includes one double bedsheet and two matching pillow covers, adding a coordinated and stylish touch to your bedroom décor. Its vibrant colors and intricate hand block prints make your room look more lively and artistic.                                                                                                                                                                                            Key Features:
1. Fabric: 100% Pure Cotton
2. Design: Traditional Jaipuri Rajasthani Print
3. Set Includes: 1 Double Bedsheet + 2 Pillow Covers
4. Soft, breathable, and skin-friendly fabric
5. Long-lasting colors and easy to wash
6. Ideal for all seasons",,,taxable,,1,1000,,0,0,,,,,1,,799,1598,Bedsheet Set,,,"https://imagizer.imageshack.com/img924/3344/PlQlfs.jpg, https://imagizer.imageshack.com/img924/1674/jsIn6w.jpg, https://imagizer.imageshack.com/img924/968/vuZjh1.jpg, https://imagizer.imageshack.com/img922/4599/W3MBf5.jpg, https://imagizer.imageshack.com/img921/6131/JyDARQ.jpg",,,,,,,,,0,,,,,,,,,,,,,,,,,,,,,,,,,,,,,,,,,,,,
,simple,LAVARNIYA MOR 2,,Jaipuri Stylish Peacock Printed Double Bed Bedsheet With Two Pillow Cover (Pink),1,0,visible,"Experience the charm of Rajasthan with this Rajasthani Jaipuri Cotton Double Bedsheet featuring vibrant prints and two matching pillow covers — a perfect blend of comfort, tradition, and elegance.","Bring home the timeless beauty of Rajasthan with this elegant Rajasthani Jaipuri Bedsheet. Crafted from premium quality cotton, this bedsheet features traditional Jaipuri prints that reflect the rich art and culture of Rajasthan. The soft and breathable fabric ensures maximum comfort and durability, making it perfect for everyday use as well as festive occasions.

The set includes one double bedsheet and two matching pillow covers, adding a coordinated and stylish touch to your bedroom décor. Its vibrant colors and intricate hand block prints make your room look more lively and artistic.                                                                                                                                                                                            Key Features:
1. Fabric: 100% Pure Cotton
2. Design: Traditional Jaipuri Rajasthani Print
3. Set Includes: 1 Double Bedsheet + 2 Pillow Covers
4. Soft, breathable, and skin-friendly fabric
5. Long-lasting colors and easy to wash
6. Ideal for all seasons",,,taxable,,1,1000,,0,0,,,,,1,,799,1598,Bedsheet Set,,,"https://imagizer.imageshack.com/img923/6199/eJxDcQ.jpg, https://imagizer.imageshack.com/img921/602/80vXqI.jpg, https://imagizer.imageshack.com/img921/7813/kXAjEj.jpg, https://imagizer.imageshack.com/img924/9881/Ad7M9E.jpg, https://imagizer.imageshack.com/img921/8751/ZXOdZf.jpg",,,,,,,,,0,,,,,,,,,,,,,,,,,,,,,,,,,,,,,,,,,,,,
,simple,LAVARNIYA MOR 3,,Jaipuri Stylish Peacock Printed Double Bed Bedsheet With Two Pillow Cover (Peach-Colored),1,0,visible,"Experience the charm of Rajasthan with this Rajasthani Jaipuri Cotton Double Bedsheet featuring vibrant prints and two matching pillow covers — a perfect blend of comfort, tradition, and elegance.","Bring home the timeless beauty of Rajasthan with this elegant Rajasthani Jaipuri Bedsheet. Crafted from premium quality cotton, this bedsheet features traditional Jaipuri prints that reflect the rich art and culture of Rajasthan. The soft and breathable fabric ensures maximum comfort and durability, making it perfect for everyday use as well as festive occasions.

The set includes one double bedsheet and two matching pillow covers, adding a coordinated and stylish touch to your bedroom décor. Its vibrant colors and intricate hand block prints make your room look more lively and artistic.                                                                                                                                                                                            Key Features:
1. Fabric: 100% Pure Cotton
2. Design: Traditional Jaipuri Rajasthani Print
3. Set Includes: 1 Double Bedsheet + 2 Pillow Covers
4. Soft, breathable, and skin-friendly fabric
5. Long-lasting colors and easy to wash
6. Ideal for all seasons",,,taxable,,1,1000,,0,0,,,,,1,,799,1598,Bedsheet Set,,,"https://imagizer.imageshack.com/img922/9439/xiSjw7.jpg, https://imagizer.imageshack.com/img921/3836/iXESn6.jpg, https://imagizer.imageshack.com/img923/3976/Xw7xwX.jpg, https://imagizer.imageshack.com/img923/3092/3f833F.jpg, https://imagizer.imageshack.com/img921/1854/6BSvqz.jpg",,,,,,,,,0,,,,,,,,,,,,,,,,,,,,,,,,,,,,,,,,,,,,
,simple,LICHI PATTI,,Jaipuri Stylish Floral Printed Double Bed Bedsheet With Two Pillow Cover (Pink),1,0,visible,"Experience the charm of Rajasthan with this Rajasthani Jaipuri Cotton Double Bedsheet featuring vibrant prints and two matching pillow covers — a perfect blend of comfort, tradition, and elegance.","Bring home the timeless beauty of Rajasthan with this elegant Rajasthani Jaipuri Bedsheet. Crafted from premium quality cotton, this bedsheet features traditional Jaipuri prints that reflect the rich art and culture of Rajasthan. The soft and breathable fabric ensures maximum comfort and durability, making it perfect for everyday use as well as festive occasions.

The set includes one double bedsheet and two matching pillow covers, adding a coordinated and stylish touch to your bedroom décor. Its vibrant colors and intricate hand block prints make your room look more lively and artistic.                                                                                                                                                                                            Key Features:
1. Fabric: 100% Pure Cotton
2. Design: Traditional Jaipuri Rajasthani Print
3. Set Includes: 1 Double Bedsheet + 2 Pillow Covers
4. Soft, breathable, and skin-friendly fabric
5. Long-lasting colors and easy to wash
6. Ideal for all seasons",,,taxable,,1,1000,,0,0,,,,,1,,799,1598,Bedsheet Set,,,"https://imagizer.imageshack.com/img924/3891/Y2YwBO.jpg, https://imagizer.imageshack.com/img923/4125/wCUQMS.jpg, https://imagizer.imageshack.com/img923/7120/HoECEV.jpg",,,,,,,,,0,,,,,,,,,,,,,,,,,,,,,,,,,,,,,,,,,,,,
,simple,LICHI PATTI 1,,Jaipuri Stylish Floral Printed Double Bed Bedsheet With Two Pillow Cover (Orange),1,0,visible,"Experience the charm of Rajasthan with this Rajasthani Jaipuri Cotton Double Bedsheet featuring vibrant prints and two matching pillow covers — a perfect blend of comfort, tradition, and elegance.","Bring home the timeless beauty of Rajasthan with this elegant Rajasthani Jaipuri Bedsheet. Crafted from premium quality cotton, this bedsheet features traditional Jaipuri prints that reflect the rich art and culture of Rajasthan. The soft and breathable fabric ensures maximum comfort and durability, making it perfect for everyday use as well as festive occasions.

The set includes one double bedsheet and two matching pillow covers, adding a coordinated and stylish touch to your bedroom décor. Its vibrant colors and intricate hand block prints make your room look more lively and artistic.                                                                                                                                                                                            Key Features:
1. Fabric: 100% Pure Cotton
2. Design: Traditional Jaipuri Rajasthani Print
3. Set Includes: 1 Double Bedsheet + 2 Pillow Covers
4. Soft, breathable, and skin-friendly fabric
5. Long-lasting colors and easy to wash
6. Ideal for all seasons",,,taxable,,1,1000,,0,0,,,,,1,,799,1598,Bedsheet Set,,,"https://imagizer.imageshack.com/img922/6403/0nkROp.jpg, https://imagizer.imageshack.com/img921/889/yW7qo1.jpg, https://imagizer.imageshack.com/img921/2183/Hlro1I.jpg",,,,,,,,,0,,,,,,,,,,,,,,,,,,,,,,,,,,,,,,,,,,,,
,simple,LICHI PATTI 2,,Jaipuri Stylish Floral Printed Double Bed Bedsheet With Two Pillow Cover (Multi-Color),1,0,visible,"Experience the charm of Rajasthan with this Rajasthani Jaipuri Cotton Double Bedsheet featuring vibrant prints and two matching pillow covers — a perfect blend of comfort, tradition, and elegance.","Bring home the timeless beauty of Rajasthan with this elegant Rajasthani Jaipuri Bedsheet. Crafted from premium quality cotton, this bedsheet features traditional Jaipuri prints that reflect the rich art and culture of Rajasthan. The soft and breathable fabric ensures maximum comfort and durability, making it perfect for everyday use as well as festive occasions.

The set includes one double bedsheet and two matching pillow covers, adding a coordinated and stylish touch to your bedroom décor. Its vibrant colors and intricate hand block prints make your room look more lively and artistic.                                                                                                                                                                                            Key Features:
1. Fabric: 100% Pure Cotton
2. Design: Traditional Jaipuri Rajasthani Print
3. Set Includes: 1 Double Bedsheet + 2 Pillow Covers
4. Soft, breathable, and skin-friendly fabric
5. Long-lasting colors and easy to wash
6. Ideal for all seasons",,,taxable,,1,1000,,0,0,,,,,1,,799,1598,Bedsheet Set,,,"https://imagizer.imageshack.com/img923/5765/wZhrVp.jpg, https://imagizer.imageshack.com/img924/6325/G1c5gH.jpg, https://imagizer.imageshack.com/img921/6093/m7DMnV.jpg",,,,,,,,,0,,,,,,,,,,,,,,,,,,,,,,,,,,,,,,,,,,,,
,simple,LICHI PATTI 3,,Jaipuri Stylish Floral Printed Double Bed Bedsheet With Two Pillow Cover (Blue),1,0,visible,"Experience the charm of Rajasthan with this Rajasthani Jaipuri Cotton Double Bedsheet featuring vibrant prints and two matching pillow covers — a perfect blend of comfort, tradition, and elegance.","Bring home the timeless beauty of Rajasthan with this elegant Rajasthani Jaipuri Bedsheet. Crafted from premium quality cotton, this bedsheet features traditional Jaipuri prints that reflect the rich art and culture of Rajasthan. The soft and breathable fabric ensures maximum comfort and durability, making it perfect for everyday use as well as festive occasions.

The set includes one double bedsheet and two matching pillow covers, adding a coordinated and stylish touch to your bedroom décor. Its vibrant colors and intricate hand block prints make your room look more lively and artistic.                                                                                                                                                                                            Key Features:
1. Fabric: 100% Pure Cotton
2. Design: Traditional Jaipuri Rajasthani Print
3. Set Includes: 1 Double Bedsheet + 2 Pillow Covers
4. Soft, breathable, and skin-friendly fabric
5. Long-lasting colors and easy to wash
6. Ideal for all seasons",,,taxable,,1,1000,,0,0,,,,,1,,799,1598,Bedsheet Set,,,"https://imagizer.imageshack.com/img921/5207/UOAI2w.jpg, https://imagizer.imageshack.com/img923/181/ua8B3z.jpg, https://imagizer.imageshack.com/img924/7831/7yhEAD.jpg",,,,,,,,,0,,,,,,,,,,,,,,,,,,,,,,,,,,,,,,,,,,,,
,simple,LICHI PATTI 4,,Jaipuri Stylish Floral Printed Double Bed Bedsheet With Two Pillow Cover (Yellow),1,0,visible,"Experience the charm of Rajasthan with this Rajasthani Jaipuri Cotton Double Bedsheet featuring vibrant prints and two matching pillow covers — a perfect blend of comfort, tradition, and elegance.","Bring home the timeless beauty of Rajasthan with this elegant Rajasthani Jaipuri Bedsheet. Crafted from premium quality cotton, this bedsheet features traditional Jaipuri prints that reflect the rich art and culture of Rajasthan. The soft and breathable fabric ensures maximum comfort and durability, making it perfect for everyday use as well as festive occasions.

The set includes one double bedsheet and two matching pillow covers, adding a coordinated and stylish touch to your bedroom décor. Its vibrant colors and intricate hand block prints make your room look more lively and artistic.                                                                                                                                                                                            Key Features:
1. Fabric: 100% Pure Cotton
2. Design: Traditional Jaipuri Rajasthani Print
3. Set Includes: 1 Double Bedsheet + 2 Pillow Covers
4. Soft, breathable, and skin-friendly fabric
5. Long-lasting colors and easy to wash
6. Ideal for all seasons",,,taxable,,1,1000,,0,0,,,,,1,,799,1598,Bedsheet Set,,,"https://imagizer.imageshack.com/img924/4621/Ecpclq.jpg, https://imagizer.imageshack.com/img922/1271/fny9qe.jpg, https://imagizer.imageshack.com/img924/935/dq4cpf.jpg",,,,,,,,,0,,,,,,,,,,,,,,,,,,,,,,,,,,,,,,,,,,,,
,simple,LITTLE COUPLE ,,Jaipuri Stylish Little Couple Printed Double Bed Bedsheet With Two Pillow Cover (Pink),1,0,visible,"Experience the charm of Rajasthan with this Rajasthani Jaipuri Cotton Double Bedsheet featuring vibrant prints and two matching pillow covers — a perfect blend of comfort, tradition, and elegance.","Bring home the timeless beauty of Rajasthan with this elegant Rajasthani Jaipuri Bedsheet. Crafted from premium quality cotton, this bedsheet features traditional Jaipuri prints that reflect the rich art and culture of Rajasthan. The soft and breathable fabric ensures maximum comfort and durability, making it perfect for everyday use as well as festive occasions.

The set includes one double bedsheet and two matching pillow covers, adding a coordinated and stylish touch to your bedroom décor. Its vibrant colors and intricate hand block prints make your room look more lively and artistic.                                                                                                                                                                                            Key Features:
1. Fabric: 100% Pure Cotton
2. Design: Traditional Jaipuri Rajasthani Print
3. Set Includes: 1 Double Bedsheet + 2 Pillow Covers
4. Soft, breathable, and skin-friendly fabric
5. Long-lasting colors and easy to wash
6. Ideal for all seasons",,,taxable,,1,1000,,0,0,,,,,1,,799,1598,Bedsheet Set,,,"https://imagizer.imageshack.com/img924/9986/pu51N7.jpg, https://imagizer.imageshack.com/img924/7506/48IbJS.jpg, https://imagizer.imageshack.com/img922/1203/FUQxSZ.jpg, https://imagizer.imageshack.com/img921/3223/EsfwN6.jpg",,,,,,,,,0,,,,,,,,,,,,,,,,,,,,,,,,,,,,,,,,,,,,
,simple,LITTLE COUPLE 1,,Jaipuri Stylish Little Couple Printed Double Bed Bedsheet With Two Pillow Cover (Grey And Black),1,0,visible,"Experience the charm of Rajasthan with this Rajasthani Jaipuri Cotton Double Bedsheet featuring vibrant prints and two matching pillow covers — a perfect blend of comfort, tradition, and elegance.","Bring home the timeless beauty of Rajasthan with this elegant Rajasthani Jaipuri Bedsheet. Crafted from premium quality cotton, this bedsheet features traditional Jaipuri prints that reflect the rich art and culture of Rajasthan. The soft and breathable fabric ensures maximum comfort and durability, making it perfect for everyday use as well as festive occasions.

The set includes one double bedsheet and two matching pillow covers, adding a coordinated and stylish touch to your bedroom décor. Its vibrant colors and intricate hand block prints make your room look more lively and artistic.                                                                                                                                                                                            Key Features:
1. Fabric: 100% Pure Cotton
2. Design: Traditional Jaipuri Rajasthani Print
3. Set Includes: 1 Double Bedsheet + 2 Pillow Covers
4. Soft, breathable, and skin-friendly fabric
5. Long-lasting colors and easy to wash
6. Ideal for all seasons",,,taxable,,1,1000,,0,0,,,,,1,,799,1598,Bedsheet Set,,,"https://imagizer.imageshack.com/img921/2474/FQZmVb.jpg, https://imagizer.imageshack.com/img921/2474/FQZmVb.jpg, https://imagizer.imageshack.com/img924/4508/DKEYsv.jpg, https://imagizer.imageshack.com/img924/8282/hE8cr9.jpg, https://imagizer.imageshack.com/img921/7342/xqw2aq.jpg",,,,,,,,,0,,,,,,,,,,,,,,,,,,,,,,,,,,,,,,,,,,,,
,simple,LITTLE COUPLE 2,,Jaipuri Stylish Little Couple Printed Double Bed Bedsheet With Two Pillow Cover (Sea Green),1,0,visible,"Experience the charm of Rajasthan with this Rajasthani Jaipuri Cotton Double Bedsheet featuring vibrant prints and two matching pillow covers — a perfect blend of comfort, tradition, and elegance.","Bring home the timeless beauty of Rajasthan with this elegant Rajasthani Jaipuri Bedsheet. Crafted from premium quality cotton, this bedsheet features traditional Jaipuri prints that reflect the rich art and culture of Rajasthan. The soft and breathable fabric ensures maximum comfort and durability, making it perfect for everyday use as well as festive occasions.

The set includes one double bedsheet and two matching pillow covers, adding a coordinated and stylish touch to your bedroom décor. Its vibrant colors and intricate hand block prints make your room look more lively and artistic.                                                                                                                                                                                            Key Features:
1. Fabric: 100% Pure Cotton
2. Design: Traditional Jaipuri Rajasthani Print
3. Set Includes: 1 Double Bedsheet + 2 Pillow Covers
4. Soft, breathable, and skin-friendly fabric
5. Long-lasting colors and easy to wash
6. Ideal for all seasons",,,taxable,,1,1000,,0,0,,,,,1,,799,1598,Bedsheet Set,,,"https://imagizer.imageshack.com/img921/8563/dI332W.jpg, https://imagizer.imageshack.com/img922/2773/7v7Xpy.jpg",,,,,,,,,0,,,,,,,,,,,,,,,,,,,,,,,,,,,,,,,,,,,,
,simple,LITTLE COUPLE 3,,Jaipuri Stylish Little Couple Printed Double Bed Bedsheet With Two Pillow Cover (Beige),1,0,visible,"Experience the charm of Rajasthan with this Rajasthani Jaipuri Cotton Double Bedsheet featuring vibrant prints and two matching pillow covers — a perfect blend of comfort, tradition, and elegance.","Bring home the timeless beauty of Rajasthan with this elegant Rajasthani Jaipuri Bedsheet. Crafted from premium quality cotton, this bedsheet features traditional Jaipuri prints that reflect the rich art and culture of Rajasthan. The soft and breathable fabric ensures maximum comfort and durability, making it perfect for everyday use as well as festive occasions.

The set includes one double bedsheet and two matching pillow covers, adding a coordinated and stylish touch to your bedroom décor. Its vibrant colors and intricate hand block prints make your room look more lively and artistic.                                                                                                                                                                                            Key Features:
1. Fabric: 100% Pure Cotton
2. Design: Traditional Jaipuri Rajasthani Print
3. Set Includes: 1 Double Bedsheet + 2 Pillow Covers
4. Soft, breathable, and skin-friendly fabric
5. Long-lasting colors and easy to wash
6. Ideal for all seasons",,,taxable,,1,1000,,0,0,,,,,1,,799,1598,Bedsheet Set,,,"https://imagizer.imageshack.com/img922/9859/Zba3qn.jpg, https://imagizer.imageshack.com/img922/3168/A909oX.jpg, https://imagizer.imageshack.com/img923/5695/EmrSpy.jpg, https://imagizer.imageshack.com/img921/4918/WEpWlX.jpg, https://imagizer.imageshack.com/img921/2323/ml3mBq.jpg",,,,,,,,,0,,,,,,,,,,,,,,,,,,,,,,,,,,,,,,,,,,,,
,simple,LITTLE COUPLE 4,,Jaipuri Stylish Little Couple Printed Double Bed Bedsheet With Two Pillow Cover (Blue),1,0,visible,"Experience the charm of Rajasthan with this Rajasthani Jaipuri Cotton Double Bedsheet featuring vibrant prints and two matching pillow covers — a perfect blend of comfort, tradition, and elegance.","Bring home the timeless beauty of Rajasthan with this elegant Rajasthani Jaipuri Bedsheet. Crafted from premium quality cotton, this bedsheet features traditional Jaipuri prints that reflect the rich art and culture of Rajasthan. The soft and breathable fabric ensures maximum comfort and durability, making it perfect for everyday use as well as festive occasions.

The set includes one double bedsheet and two matching pillow covers, adding a coordinated and stylish touch to your bedroom décor. Its vibrant colors and intricate hand block prints make your room look more lively and artistic.                                                                                                                                                                                            Key Features:
1. Fabric: 100% Pure Cotton
2. Design: Traditional Jaipuri Rajasthani Print
3. Set Includes: 1 Double Bedsheet + 2 Pillow Covers
4. Soft, breathable, and skin-friendly fabric
5. Long-lasting colors and easy to wash
6. Ideal for all seasons",,,taxable,,1,1000,,0,0,,,,,1,,799,1598,Bedsheet Set,,,"https://imagizer.imageshack.com/img922/9940/9ReUnW.jpg, https://imagizer.imageshack.com/img922/4162/SQULle.jpg, https://imagizer.imageshack.com/img922/1919/2S8PWO.jpg, https://imagizer.imageshack.com/img923/7839/0dDJCz.jpg, https://imagizer.imageshack.com/img924/8080/3AM3W9.jpg",,,,,,,,,0,,,,,,,,,,,,,,,,,,,,,,,,,,,,,,,,,,,,
,simple,LUDO,,Jaipuri Stylish Ludo Printed Double Bed Bedsheet With Two Pillow Cover (Multi-Color),1,0,visible,"Experience the charm of Rajasthan with this Rajasthani Jaipuri Cotton Double Bedsheet featuring vibrant prints and two matching pillow covers — a perfect blend of comfort, tradition, and elegance.","Bring home the timeless beauty of Rajasthan with this elegant Rajasthani Jaipuri Bedsheet. Crafted from premium quality cotton, this bedsheet features traditional Jaipuri prints that reflect the rich art and culture of Rajasthan. The soft and breathable fabric ensures maximum comfort and durability, making it perfect for everyday use as well as festive occasions.

The set includes one double bedsheet and two matching pillow covers, adding a coordinated and stylish touch to your bedroom décor. Its vibrant colors and intricate hand block prints make your room look more lively and artistic.                                                                                                                                                                                            Key Features:
1. Fabric: 100% Pure Cotton
2. Design: Traditional Jaipuri Rajasthani Print
3. Set Includes: 1 Double Bedsheet + 2 Pillow Covers
4. Soft, breathable, and skin-friendly fabric
5. Long-lasting colors and easy to wash
6. Ideal for all seasons",,,taxable,,1,1000,,0,0,,,,,1,,799,1598,Bedsheet Set,,,"https://imagizer.imageshack.com/img921/3915/6JyniT.jpg, https://imagizer.imageshack.com/img922/7720/U1E694.jpg, https://imagizer.imageshack.com/img922/7288/dOZNQk.jpg",,,,,,,,,0,,,,,,,,,,,,,,,,,,,,,,,,,,,,,,,,,,,,
,simple,LUXURY MOR,,Jaipuri Stylish Peacock Printed Double Bed Bedsheet With Two Pillow Cover (Beige),1,0,visible,"Experience the charm of Rajasthan with this Rajasthani Jaipuri Cotton Double Bedsheet featuring vibrant prints and two matching pillow covers — a perfect blend of comfort, tradition, and elegance.","Bring home the timeless beauty of Rajasthan with this elegant Rajasthani Jaipuri Bedsheet. Crafted from premium quality cotton, this bedsheet features traditional Jaipuri prints that reflect the rich art and culture of Rajasthan. The soft and breathable fabric ensures maximum comfort and durability, making it perfect for everyday use as well as festive occasions.

The set includes one double bedsheet and two matching pillow covers, adding a coordinated and stylish touch to your bedroom décor. Its vibrant colors and intricate hand block prints make your room look more lively and artistic.                                                                                                                                                                                            Key Features:
1. Fabric: 100% Pure Cotton
2. Design: Traditional Jaipuri Rajasthani Print
3. Set Includes: 1 Double Bedsheet + 2 Pillow Covers
4. Soft, breathable, and skin-friendly fabric
5. Long-lasting colors and easy to wash
6. Ideal for all seasons",,,taxable,,1,1000,,0,0,,,,,1,,799,1598,Bedsheet Set,,,"https://imagizer.imageshack.com/img921/8826/6IcWhV.jpg, https://imagizer.imageshack.com/img923/9578/Ysl8ha.jpg, https://imagizer.imageshack.com/img921/8617/sq9u12.jpg, https://imagizer.imageshack.com/img923/8643/l2gLcz.jpg",,,,,,,,,0,,,,,,,,,,,,,,,,,,,,,,,,,,,,,,,,,,,,
,simple,LUXURY MOR 1,,Jaipuri Stylish Peacock Printed Double Bed Bedsheet With Two Pillow Cover (Black),1,0,visible,"Experience the charm of Rajasthan with this Rajasthani Jaipuri Cotton Double Bedsheet featuring vibrant prints and two matching pillow covers — a perfect blend of comfort, tradition, and elegance.","Bring home the timeless beauty of Rajasthan with this elegant Rajasthani Jaipuri Bedsheet. Crafted from premium quality cotton, this bedsheet features traditional Jaipuri prints that reflect the rich art and culture of Rajasthan. The soft and breathable fabric ensures maximum comfort and durability, making it perfect for everyday use as well as festive occasions.

The set includes one double bedsheet and two matching pillow covers, adding a coordinated and stylish touch to your bedroom décor. Its vibrant colors and intricate hand block prints make your room look more lively and artistic.                                                                                                                                                                                            Key Features:
1. Fabric: 100% Pure Cotton
2. Design: Traditional Jaipuri Rajasthani Print
3. Set Includes: 1 Double Bedsheet + 2 Pillow Covers
4. Soft, breathable, and skin-friendly fabric
5. Long-lasting colors and easy to wash
6. Ideal for all seasons",,,taxable,,1,1000,,0,0,,,,,1,,799,1598,Bedsheet Set,,,"https://imagizer.imageshack.com/img921/3697/HICRXy.jpg, https://imagizer.imageshack.com/img924/4112/nMVK5P.jpg, https://imagizer.imageshack.com/img921/2128/zmz2Xm.jpg, https://imagizer.imageshack.com/img923/5331/5kZcYP.jpg",,,,,,,,,0,,,,,,,,,,,,,,,,,,,,,,,,,,,,,,,,,,,,
,simple,LUXURY MOR 2,,Jaipuri Stylish Peacock Printed Double Bed Bedsheet With Two Pillow Cover (Blue),1,0,visible,"Experience the charm of Rajasthan with this Rajasthani Jaipuri Cotton Double Bedsheet featuring vibrant prints and two matching pillow covers — a perfect blend of comfort, tradition, and elegance.","Bring home the timeless beauty of Rajasthan with this elegant Rajasthani Jaipuri Bedsheet. Crafted from premium quality cotton, this bedsheet features traditional Jaipuri prints that reflect the rich art and culture of Rajasthan. The soft and breathable fabric ensures maximum comfort and durability, making it perfect for everyday use as well as festive occasions.

The set includes one double bedsheet and two matching pillow covers, adding a coordinated and stylish touch to your bedroom décor. Its vibrant colors and intricate hand block prints make your room look more lively and artistic.                                                                                                                                                                                            Key Features:
1. Fabric: 100% Pure Cotton
2. Design: Traditional Jaipuri Rajasthani Print
3. Set Includes: 1 Double Bedsheet + 2 Pillow Covers
4. Soft, breathable, and skin-friendly fabric
5. Long-lasting colors and easy to wash
6. Ideal for all seasons",,,taxable,,1,1000,,0,0,,,,,1,,799,1598,Bedsheet Set,,,"https://imagizer.imageshack.com/img924/7889/mzgptN.jpg, https://imagizer.imageshack.com/img922/9923/p6ddU2.jpg, https://imagizer.imageshack.com/img923/7854/uTI8YS.jpg, https://imagizer.imageshack.com/img923/8781/RJvA3f.jpg",,,,,,,,,0,,,,,,,,,,,,,,,,,,,,,,,,,,,,,,,,,,,,
,simple,LUXURY MOR 3,,Jaipuri Stylish Peacock Printed Double Bed Bedsheet With Two Pillow Cover (Turquoise),1,0,visible,"Experience the charm of Rajasthan with this Rajasthani Jaipuri Cotton Double Bedsheet featuring vibrant prints and two matching pillow covers — a perfect blend of comfort, tradition, and elegance.","Bring home the timeless beauty of Rajasthan with this elegant Rajasthani Jaipuri Bedsheet. Crafted from premium quality cotton, this bedsheet features traditional Jaipuri prints that reflect the rich art and culture of Rajasthan. The soft and breathable fabric ensures maximum comfort and durability, making it perfect for everyday use as well as festive occasions.

The set includes one double bedsheet and two matching pillow covers, adding a coordinated and stylish touch to your bedroom décor. Its vibrant colors and intricate hand block prints make your room look more lively and artistic.                                                                                                                                                                                            Key Features:
1. Fabric: 100% Pure Cotton
2. Design: Traditional Jaipuri Rajasthani Print
3. Set Includes: 1 Double Bedsheet + 2 Pillow Covers
4. Soft, breathable, and skin-friendly fabric
5. Long-lasting colors and easy to wash
6. Ideal for all seasons",,,taxable,,1,1000,,0,0,,,,,1,,799,1598,Bedsheet Set,,,"https://imagizer.imageshack.com/img924/5219/UsQEmF.jpg, https://imagizer.imageshack.com/img923/9907/d0IHh2.jpg, https://imagizer.imageshack.com/img923/8018/eACgVc.jpg, https://imagizer.imageshack.com/img921/7606/Ji3TtI.jpg",,,,,,,,,0,,,,,,,,,,,,,,,,,,,,,,,,,,,,,,,,,,,,
,simple,MACHLI,,Jaipuri Stylish Mandala Printed Double Bed Bedsheet With Two Pillow Cover (Green And white),1,0,visible,"Experience the charm of Rajasthan with this Rajasthani Jaipuri Cotton Double Bedsheet featuring vibrant prints and two matching pillow covers — a perfect blend of comfort, tradition, and elegance.","Bring home the timeless beauty of Rajasthan with this elegant Rajasthani Jaipuri Bedsheet. Crafted from premium quality cotton, this bedsheet features traditional Jaipuri prints that reflect the rich art and culture of Rajasthan. The soft and breathable fabric ensures maximum comfort and durability, making it perfect for everyday use as well as festive occasions.

The set includes one double bedsheet and two matching pillow covers, adding a coordinated and stylish touch to your bedroom décor. Its vibrant colors and intricate hand block prints make your room look more lively and artistic.                                                                                                                                                                                            Key Features:
1. Fabric: 100% Pure Cotton
2. Design: Traditional Jaipuri Rajasthani Print
3. Set Includes: 1 Double Bedsheet + 2 Pillow Covers
4. Soft, breathable, and skin-friendly fabric
5. Long-lasting colors and easy to wash
6. Ideal for all seasons",,,,,1,1000,,0,0,,,,,1,,799,1598,Bedsheet Set,,,"https://imagizer.imageshack.com/img924/9720/NfJ9nM.jpg, https://imagizer.imageshack.com/img921/254/Oo9o6h.jpg, https://imagizer.imageshack.com/img922/69/3ERDLK.jpg, https://imagizer.imageshack.com/img923/9020/nJJ6L8.jpg",,,,,,,,,0,,,,,,,,,,,,,,,,,,,,,,,,,,,,,,,,,,,,
,simple,MACHLI 1,,Jaipuri Stylish Mandala Printed Double Bed Bedsheet With Two Pillow Cover (Blue),1,0,visible,"Experience the charm of Rajasthan with this Rajasthani Jaipuri Cotton Double Bedsheet featuring vibrant prints and two matching pillow covers — a perfect blend of comfort, tradition, and elegance.","Bring home the timeless beauty of Rajasthan with this elegant Rajasthani Jaipuri Bedsheet. Crafted from premium quality cotton, this bedsheet features traditional Jaipuri prints that reflect the rich art and culture of Rajasthan. The soft and breathable fabric ensures maximum comfort and durability, making it perfect for everyday use as well as festive occasions.

The set includes one double bedsheet and two matching pillow covers, adding a coordinated and stylish touch to your bedroom décor. Its vibrant colors and intricate hand block prints make your room look more lively and artistic.                                                                                                                                                                                            Key Features:
1. Fabric: 100% Pure Cotton
2. Design: Traditional Jaipuri Rajasthani Print
3. Set Includes: 1 Double Bedsheet + 2 Pillow Covers
4. Soft, breathable, and skin-friendly fabric
5. Long-lasting colors and easy to wash
6. Ideal for all seasons",,,,,1,1000,,0,0,,,,,1,,799,1598,Bedsheet Set,,,"https://imagizer.imageshack.com/img922/3818/mpoOoU.jpg, https://imagizer.imageshack.com/img923/2995/ztbGI3.jpg, https://imagizer.imageshack.com/img924/1185/akvodc.jpg, https://imagizer.imageshack.com/img922/9722/SVAq8P.jpg",,,,,,,,,0,,,,,,,,,,,,,,,,,,,,,,,,,,,,,,,,,,,,
,simple,MACHLI 2,,Jaipuri Stylish Mandala Printed Double Bed Bedsheet With Two Pillow Cover (Red),1,0,visible,"Experience the charm of Rajasthan with this Rajasthani Jaipuri Cotton Double Bedsheet featuring vibrant prints and two matching pillow covers — a perfect blend of comfort, tradition, and elegance.","Bring home the timeless beauty of Rajasthan with this elegant Rajasthani Jaipuri Bedsheet. Crafted from premium quality cotton, this bedsheet features traditional Jaipuri prints that reflect the rich art and culture of Rajasthan. The soft and breathable fabric ensures maximum comfort and durability, making it perfect for everyday use as well as festive occasions.

The set includes one double bedsheet and two matching pillow covers, adding a coordinated and stylish touch to your bedroom décor. Its vibrant colors and intricate hand block prints make your room look more lively and artistic.                                                                                                                                                                                            Key Features:
1. Fabric: 100% Pure Cotton
2. Design: Traditional Jaipuri Rajasthani Print
3. Set Includes: 1 Double Bedsheet + 2 Pillow Covers
4. Soft, breathable, and skin-friendly fabric
5. Long-lasting colors and easy to wash
6. Ideal for all seasons",,,,,1,1000,,0,0,,,,,1,,799,1598,Bedsheet Set,,,"https://imagizer.imageshack.com/img921/1481/O8jcpf.jpg, https://imagizer.imageshack.com/img924/5180/tW3ecc.jpg, https://imagizer.imageshack.com/img924/5817/kunVQB.jpg, https://imagizer.imageshack.com/img924/2796/uMsfaX.jpg",,,,,,,,,0,,,,,,,,,,,,,,,,,,,,,,,,,,,,,,,,,,,,
,simple,MACHLI 3,,Jaipuri Stylish Mandala Printed Double Bed Bedsheet With Two Pillow Cover (Black),1,0,visible,"Experience the charm of Rajasthan with this Rajasthani Jaipuri Cotton Double Bedsheet featuring vibrant prints and two matching pillow covers — a perfect blend of comfort, tradition, and elegance.","Bring home the timeless beauty of Rajasthan with this elegant Rajasthani Jaipuri Bedsheet. Crafted from premium quality cotton, this bedsheet features traditional Jaipuri prints that reflect the rich art and culture of Rajasthan. The soft and breathable fabric ensures maximum comfort and durability, making it perfect for everyday use as well as festive occasions.

The set includes one double bedsheet and two matching pillow covers, adding a coordinated and stylish touch to your bedroom décor. Its vibrant colors and intricate hand block prints make your room look more lively and artistic.                                                                                                                                                                                            Key Features:
1. Fabric: 100% Pure Cotton
2. Design: Traditional Jaipuri Rajasthani Print
3. Set Includes: 1 Double Bedsheet + 2 Pillow Covers
4. Soft, breathable, and skin-friendly fabric
5. Long-lasting colors and easy to wash
6. Ideal for all seasons",,,,,1,1000,,0,0,,,,,1,,799,1598,Bedsheet Set,,,"https://imagizer.imageshack.com/img924/8336/qFvNf9.jpg, https://imagizer.imageshack.com/img922/8017/AVQwAX.jpg, https://imagizer.imageshack.com/img924/6255/7HRAKB.jpg, https://imagizer.imageshack.com/img923/9380/RIw4fL.jpg",,,,,,,,,0,,,,,,,,,,,,,,,,,,,,,,,,,,,,,,,,,,,,
,simple,MANDALA,,Jaipuri Stylish Mandala Printed Double Bed Bedsheet With Two Pillow Cover (Blue),1,0,visible,"Experience the charm of Rajasthan with this Rajasthani Jaipuri Cotton Double Bedsheet featuring vibrant prints and two matching pillow covers — a perfect blend of comfort, tradition, and elegance.","Bring home the timeless beauty of Rajasthan with this elegant Rajasthani Jaipuri Bedsheet. Crafted from premium quality cotton, this bedsheet features traditional Jaipuri prints that reflect the rich art and culture of Rajasthan. The soft and breathable fabric ensures maximum comfort and durability, making it perfect for everyday use as well as festive occasions.

The set includes one double bedsheet and two matching pillow covers, adding a coordinated and stylish touch to your bedroom décor. Its vibrant colors and intricate hand block prints make your room look more lively and artistic.                                                                                                                                                                                            Key Features:
1. Fabric: 100% Pure Cotton
2. Design: Traditional Jaipuri Rajasthani Print
3. Set Includes: 1 Double Bedsheet + 2 Pillow Covers
4. Soft, breathable, and skin-friendly fabric
5. Long-lasting colors and easy to wash
6. Ideal for all seasons",,,,,1,1000,,0,0,,,,,1,,799,1598,Bedsheet Set,,,"https://imagizer.imageshack.com/img921/5581/efkdcb.jpg, https://imagizer.imageshack.com/img923/1503/SHU8hF.jpg, https://imagizer.imageshack.com/img922/6236/Yb6tXb.jpg",,,,,,,,,0,,,,,,,,,,,,,,,,,,,,,,,,,,,,,,,,,,,,
,simple,MANDALA 1,,Jaipuri Stylish Mandala Printed Double Bed Bedsheet With Two Pillow Cover (Blue),1,0,visible,"Experience the charm of Rajasthan with this Rajasthani Jaipuri Cotton Double Bedsheet featuring vibrant prints and two matching pillow covers — a perfect blend of comfort, tradition, and elegance.","Bring home the timeless beauty of Rajasthan with this elegant Rajasthani Jaipuri Bedsheet. Crafted from premium quality cotton, this bedsheet features traditional Jaipuri prints that reflect the rich art and culture of Rajasthan. The soft and breathable fabric ensures maximum comfort and durability, making it perfect for everyday use as well as festive occasions.

The set includes one double bedsheet and two matching pillow covers, adding a coordinated and stylish touch to your bedroom décor. Its vibrant colors and intricate hand block prints make your room look more lively and artistic.                                                                                                                                                                                            Key Features:
1. Fabric: 100% Pure Cotton
2. Design: Traditional Jaipuri Rajasthani Print
3. Set Includes: 1 Double Bedsheet + 2 Pillow Covers
4. Soft, breathable, and skin-friendly fabric
5. Long-lasting colors and easy to wash
6. Ideal for all seasons",,,,,1,1000,,0,0,,,,,1,,799,1598,Bedsheet Set,,,"https://imagizer.imageshack.com/img923/3597/UZ2wRl.jpg, https://imagizer.imageshack.com/img923/8324/X40vkK.jpg, https://imagizer.imageshack.com/img922/5937/nPxYfk.jpg",,,,,,,,,0,,,,,,,,,,,,,,,,,,,,,,,,,,,,,,,,,,,,
,simple,MANDALA 2,,Jaipuri Stylish Mandala Printed Double Bed Bedsheet With Two Pillow Cover (Yellow),1,0,visible,"Experience the charm of Rajasthan with this Rajasthani Jaipuri Cotton Double Bedsheet featuring vibrant prints and two matching pillow covers — a perfect blend of comfort, tradition, and elegance.","Bring home the timeless beauty of Rajasthan with this elegant Rajasthani Jaipuri Bedsheet. Crafted from premium quality cotton, this bedsheet features traditional Jaipuri prints that reflect the rich art and culture of Rajasthan. The soft and breathable fabric ensures maximum comfort and durability, making it perfect for everyday use as well as festive occasions.

The set includes one double bedsheet and two matching pillow covers, adding a coordinated and stylish touch to your bedroom décor. Its vibrant colors and intricate hand block prints make your room look more lively and artistic.                                                                                                                                                                                            Key Features:
1. Fabric: 100% Pure Cotton
2. Design: Traditional Jaipuri Rajasthani Print
3. Set Includes: 1 Double Bedsheet + 2 Pillow Covers
4. Soft, breathable, and skin-friendly fabric
5. Long-lasting colors and easy to wash
6. Ideal for all seasons",,,,,1,1000,,0,0,,,,,1,,799,1598,Bedsheet Set,,,"https://imagizer.imageshack.com/img924/2848/zgnWq2.jpg, https://imagizer.imageshack.com/img921/606/7VxMiA.jpg, https://imagizer.imageshack.com/img924/2369/8HVhKL.jpg, https://imagizer.imageshack.com/img921/8564/vwxeD9.jpg",,,,,,,,,0,,,,,,,,,,,,,,,,,,,,,,,,,,,,,,,,,,,,
,simple,MANDALA 3,,Jaipuri Stylish Mandala Printed Double Bed Bedsheet With Two Pillow Cover (Maroon),1,0,visible,"Experience the charm of Rajasthan with this Rajasthani Jaipuri Cotton Double Bedsheet featuring vibrant prints and two matching pillow covers — a perfect blend of comfort, tradition, and elegance.","Bring home the timeless beauty of Rajasthan with this elegant Rajasthani Jaipuri Bedsheet. Crafted from premium quality cotton, this bedsheet features traditional Jaipuri prints that reflect the rich art and culture of Rajasthan. The soft and breathable fabric ensures maximum comfort and durability, making it perfect for everyday use as well as festive occasions.

The set includes one double bedsheet and two matching pillow covers, adding a coordinated and stylish touch to your bedroom décor. Its vibrant colors and intricate hand block prints make your room look more lively and artistic.                                                                                                                                                                                            Key Features:
1. Fabric: 100% Pure Cotton
2. Design: Traditional Jaipuri Rajasthani Print
3. Set Includes: 1 Double Bedsheet + 2 Pillow Covers
4. Soft, breathable, and skin-friendly fabric
5. Long-lasting colors and easy to wash
6. Ideal for all seasons",,,,,1,1000,,0,0,,,,,1,,799,1598,Bedsheet Set,,,"https://imagizer.imageshack.com/img922/5756/WGSnxc.jpg, https://imagizer.imageshack.com/img924/4696/TVMgdp.jpg, https://imagizer.imageshack.com/img922/2421/ETmv3T.jpg",,,,,,,,,0,,,,,,,,,,,,,,,,,,,,,,,,,,,,,,,,,,,,
,simple,MANDALA 4,,Jaipuri Stylish Mandala Printed Double Bed Bedsheet With Two Pillow Cover (Maroon),1,0,visible,"Experience the charm of Rajasthan with this Rajasthani Jaipuri Cotton Double Bedsheet featuring vibrant prints and two matching pillow covers — a perfect blend of comfort, tradition, and elegance.","Bring home the timeless beauty of Rajasthan with this elegant Rajasthani Jaipuri Bedsheet. Crafted from premium quality cotton, this bedsheet features traditional Jaipuri prints that reflect the rich art and culture of Rajasthan. The soft and breathable fabric ensures maximum comfort and durability, making it perfect for everyday use as well as festive occasions.

The set includes one double bedsheet and two matching pillow covers, adding a coordinated and stylish touch to your bedroom décor. Its vibrant colors and intricate hand block prints make your room look more lively and artistic.                                                                                                                                                                                            Key Features:
1. Fabric: 100% Pure Cotton
2. Design: Traditional Jaipuri Rajasthani Print
3. Set Includes: 1 Double Bedsheet + 2 Pillow Covers
4. Soft, breathable, and skin-friendly fabric
5. Long-lasting colors and easy to wash
6. Ideal for all seasons",,,,,1,1000,,0,0,,,,,1,,799,1598,Bedsheet Set,,,"https://imagizer.imageshack.com/img921/9596/98EQpL.jpg, https://imagizer.imageshack.com/img922/4843/53z4CX.jpg, https://imagizer.imageshack.com/img922/3034/F5Dmyc.jpg",,,,,,,,,0,,,,,,,,,,,,,,,,,,,,,,,,,,,,,,,,,,,,
